<?xml version="1.0" encoding="UTF-8"?>

<behavior name="Dual_Arm_OctoMap_Detect">

	<executable package_path="solomon_flexbe_behaviors.dual_arm_octomap_detect_sm" class="Dual_Arm_OctoMap_DetectSM" />
	<tagstring>demo</tagstring>
	<author>Philipp Schillinger</author>
	<date>Fri Aug 21 2015</date>
	<description>
		This is a simple example for a behavior.
	</description>


	<!-- Contained Behaviors -->

	<!-- Available Parameters -->
	<params>

		<param type="numeric" name="waiting_time" default="1" label="Waiting Time" hint="Sets the time to wait after logging.">
			<min value="1" />
			<max value="5" />
		</param>

	</params>


</behavior>